,Sentence,Text,Section,Book
0,Hidden Words Arabic,Hidden Words Arabic,title,hidden-words-arabic
1,Translated by Shoghi Effendi with the assistance of some English friends,Translated by Shoghi Effendi with the assistance of some English friends,header1,hidden-words-arabic
2,"Part One
From the Arabic
He Is the Glory of Glories","Part One
From the Arabic
He Is the Glory of Glories",header2,hidden-words-arabic
3,"This is that which hath descended from the realm of glory, uttered by the tongue of power and might, and revealed unto the Prophets of old","This is that which hath descended from the realm of glory, uttered by the tongue of power and might, and revealed unto the Prophets of old. We have taken the inner essence thereof and clothed it in the garment of brevity, as a token of grace unto the righteous, that they may stand faithful unto the Covenant of God, may fulfill in their lives His trust, and in the realm of spirit obtain the gem of divine virtue.",intro,hidden-words-arabic
4," We have taken the inner essence thereof and clothed it in the garment of brevity, as a token of grace unto the righteous, that they may stand faithful unto the Covenant of God, may fulfill in their lives His trust, and in the realm of spirit obtain the gem of divine virtue","This is that which hath descended from the realm of glory, uttered by the tongue of power and might, and revealed unto the Prophets of old. We have taken the inner essence thereof and clothed it in the garment of brevity, as a token of grace unto the righteous, that they may stand faithful unto the Covenant of God, may fulfill in their lives His trust, and in the realm of spirit obtain the gem of divine virtue.",intro,hidden-words-arabic
5,"O Son of Spirit!
My first counsel is this: Possess a pure, kindly and radiant heart, that thine may be a sovereignty ancient, imperishable and everlasting","O Son of Spirit!
My first counsel is this: Possess a pure, kindly and radiant heart, that thine may be a sovereignty ancient, imperishable and everlasting.",HW1,hidden-words-arabic
6,"O Son of Spirit!
The best beloved of all things in My sight is Justice; turn not away therefrom if thou desirest Me, and neglect it not that I may confide in thee","O Son of Spirit!
The best beloved of all things in My sight is Justice; turn not away therefrom if thou desirest Me, and neglect it not that I may confide in thee. By its aid thou shalt see with thine own eyes and not through the eyes of others, and shalt know of thine own knowledge and not through the knowledge of thy neighbor. Ponder this in thy heart; how it behooveth thee to be. Verily justice is My gift to thee and the sign of My loving-kindness. Set it then before thine eyes.",HW2,hidden-words-arabic
7," By its aid thou shalt see with thine own eyes and not through the eyes of others, and shalt know of thine own knowledge and not through the knowledge of thy neighbor","O Son of Spirit!
The best beloved of all things in My sight is Justice; turn not away therefrom if thou desirest Me, and neglect it not that I may confide in thee. By its aid thou shalt see with thine own eyes and not through the eyes of others, and shalt know of thine own knowledge and not through the knowledge of thy neighbor. Ponder this in thy heart; how it behooveth thee to be. Verily justice is My gift to thee and the sign of My loving-kindness. Set it then before thine eyes.",HW2,hidden-words-arabic
8, Ponder this in thy heart; how it behooveth thee to be,"O Son of Spirit!
The best beloved of all things in My sight is Justice; turn not away therefrom if thou desirest Me, and neglect it not that I may confide in thee. By its aid thou shalt see with thine own eyes and not through the eyes of others, and shalt know of thine own knowledge and not through the knowledge of thy neighbor. Ponder this in thy heart; how it behooveth thee to be. Verily justice is My gift to thee and the sign of My loving-kindness. Set it then before thine eyes.",HW2,hidden-words-arabic
9, Verily justice is My gift to thee and the sign of My loving-kindness,"O Son of Spirit!
The best beloved of all things in My sight is Justice; turn not away therefrom if thou desirest Me, and neglect it not that I may confide in thee. By its aid thou shalt see with thine own eyes and not through the eyes of others, and shalt know of thine own knowledge and not through the knowledge of thy neighbor. Ponder this in thy heart; how it behooveth thee to be. Verily justice is My gift to thee and the sign of My loving-kindness. Set it then before thine eyes.",HW2,hidden-words-arabic
10, Set it then before thine eyes,"O Son of Spirit!
The best beloved of all things in My sight is Justice; turn not away therefrom if thou desirest Me, and neglect it not that I may confide in thee. By its aid thou shalt see with thine own eyes and not through the eyes of others, and shalt know of thine own knowledge and not through the knowledge of thy neighbor. Ponder this in thy heart; how it behooveth thee to be. Verily justice is My gift to thee and the sign of My loving-kindness. Set it then before thine eyes.",HW2,hidden-words-arabic
11,"O Son of Man!
Veiled in My immemorial being and in the ancient eternity of My essence, I knew My love for thee; therefore I created thee, have engraved on thee Mine image and revealed to thee My beauty","O Son of Man!
Veiled in My immemorial being and in the ancient eternity of My essence, I knew My love for thee; therefore I created thee, have engraved on thee Mine image and revealed to thee My beauty.",HW3,hidden-words-arabic
12,"O Son of Man!
I loved thy creation, hence I created thee","O Son of Man!
I loved thy creation, hence I created thee. Wherefore, do thou love Me, that I may name thy name and fill thy soul with the spirit of life.",HW4,hidden-words-arabic
13," Wherefore, do thou love Me, that I may name thy name and fill thy soul with the spirit of life","O Son of Man!
I loved thy creation, hence I created thee. Wherefore, do thou love Me, that I may name thy name and fill thy soul with the spirit of life.",HW4,hidden-words-arabic
14,"O Son of Being!
Love Me, that I may love thee","O Son of Being!
Love Me, that I may love thee. If thou lovest Me not, My love can in no wise reach thee. Know this, O servant.",HW5,hidden-words-arabic
15," If thou lovest Me not, My love can in no wise reach thee","O Son of Being!
Love Me, that I may love thee. If thou lovest Me not, My love can in no wise reach thee. Know this, O servant.",HW5,hidden-words-arabic
16," Know this, O servant","O Son of Being!
Love Me, that I may love thee. If thou lovest Me not, My love can in no wise reach thee. Know this, O servant.",HW5,hidden-words-arabic
17,"O Son of Being!
Thy Paradise is My love; thy heavenly home, reunion with Me","O Son of Being!
Thy Paradise is My love; thy heavenly home, reunion with Me. Enter therein and tarry not. This is that which hath been destined for thee in Our kingdom above and Our exalted dominion.",HW6,hidden-words-arabic
18, Enter therein and tarry not,"O Son of Being!
Thy Paradise is My love; thy heavenly home, reunion with Me. Enter therein and tarry not. This is that which hath been destined for thee in Our kingdom above and Our exalted dominion.",HW6,hidden-words-arabic
19, This is that which hath been destined for thee in Our kingdom above and Our exalted dominion,"O Son of Being!
Thy Paradise is My love; thy heavenly home, reunion with Me. Enter therein and tarry not. This is that which hath been destined for thee in Our kingdom above and Our exalted dominion.",HW6,hidden-words-arabic
20,"O Son of Man!
If thou lovest Me, turn away from thyself; and if thou seekest My pleasure, regard not thine own; that thou mayest die in Me and I may eternally live in thee","O Son of Man!
If thou lovest Me, turn away from thyself; and if thou seekest My pleasure, regard not thine own; that thou mayest die in Me and I may eternally live in thee.",HW7,hidden-words-arabic
21,"O Son of Spirit!
There is no peace for thee save by renouncing thyself and turning unto Me; for it behooveth thee to glory in My name, not in thine own; to put thy trust in Me and not in thyself, since I desire to be loved alone and above all that is","O Son of Spirit!
There is no peace for thee save by renouncing thyself and turning unto Me; for it behooveth thee to glory in My name, not in thine own; to put thy trust in Me and not in thyself, since I desire to be loved alone and above all that is.",HW8,hidden-words-arabic
22,"O Son of Being!
My love is My stronghold; he that entereth therein is safe and secure, and he that turneth away shall surely stray and perish","O Son of Being!
My love is My stronghold; he that entereth therein is safe and secure, and he that turneth away shall surely stray and perish.",HW9,hidden-words-arabic
23,"O Son of Utterance!
Thou art My stronghold; enter therein that thou mayest abide in safety","O Son of Utterance!
Thou art My stronghold; enter therein that thou mayest abide in safety. My love is in thee, know it, that thou mayest find Me near unto thee.",HW10,hidden-words-arabic
24," My love is in thee, know it, that thou mayest find Me near unto thee","O Son of Utterance!
Thou art My stronghold; enter therein that thou mayest abide in safety. My love is in thee, know it, that thou mayest find Me near unto thee.",HW10,hidden-words-arabic
25,"O Son of Being!
Thou art My lamp and My light is in thee","O Son of Being!
Thou art My lamp and My light is in thee. Get thou from it thy radiance and seek none other than Me. For I have created thee rich and have bountifully shed My favor upon thee.",HW11,hidden-words-arabic
26, Get thou from it thy radiance and seek none other than Me,"O Son of Being!
Thou art My lamp and My light is in thee. Get thou from it thy radiance and seek none other than Me. For I have created thee rich and have bountifully shed My favor upon thee.",HW11,hidden-words-arabic
27, For I have created thee rich and have bountifully shed My favor upon thee,"O Son of Being!
Thou art My lamp and My light is in thee. Get thou from it thy radiance and seek none other than Me. For I have created thee rich and have bountifully shed My favor upon thee.",HW11,hidden-words-arabic
28,"O Son of Being!
With the hands of power I made thee and with the fingers of strength I created thee; and within thee have I placed the essence of My light","O Son of Being!
With the hands of power I made thee and with the fingers of strength I created thee; and within thee have I placed the essence of My light. Be thou content with it and seek naught else, for My work is perfect and My command is binding. Question it not, nor have a doubt thereof.",HW12,hidden-words-arabic
29," Be thou content with it and seek naught else, for My work is perfect and My command is binding","O Son of Being!
With the hands of power I made thee and with the fingers of strength I created thee; and within thee have I placed the essence of My light. Be thou content with it and seek naught else, for My work is perfect and My command is binding. Question it not, nor have a doubt thereof.",HW12,hidden-words-arabic
30," Question it not, nor have a doubt thereof","O Son of Being!
With the hands of power I made thee and with the fingers of strength I created thee; and within thee have I placed the essence of My light. Be thou content with it and seek naught else, for My work is perfect and My command is binding. Question it not, nor have a doubt thereof.",HW12,hidden-words-arabic
31,"O Son of Spirit!
I created thee rich, why dost thou bring thyself down to poverty? Noble I made thee, wherewith dost thou abase thyself? Out of the essence of knowledge I gave thee being, why seekest thou enlightenment from anyone beside Me? Out of the clay of love I molded thee, how dost thou busy thyself with another? Turn thy sight unto thyself, that thou mayest find Me standing within thee, mighty, powerful and self-subsisting","O Son of Spirit!
I created thee rich, why dost thou bring thyself down to poverty? Noble I made thee, wherewith dost thou abase thyself? Out of the essence of knowledge I gave thee being, why seekest thou enlightenment from anyone beside Me? Out of the clay of love I molded thee, how dost thou busy thyself with another? Turn thy sight unto thyself, that thou mayest find Me standing within thee, mighty, powerful and self-subsisting.",HW13,hidden-words-arabic
32,"O Son of Man!
Thou art My dominion and My dominion perisheth not; wherefore fearest thou thy perishing? Thou art My light and My light shall never be extinguished; why dost thou dread extinction? Thou art My glory and My glory fadeth not; thou art My robe and My robe shall never be outworn","O Son of Man!
Thou art My dominion and My dominion perisheth not; wherefore fearest thou thy perishing? Thou art My light and My light shall never be extinguished; why dost thou dread extinction? Thou art My glory and My glory fadeth not; thou art My robe and My robe shall never be outworn. Abide then in thy love for Me, that thou mayest find Me in the realm of glory.",HW14,hidden-words-arabic
33," Abide then in thy love for Me, that thou mayest find Me in the realm of glory","O Son of Man!
Thou art My dominion and My dominion perisheth not; wherefore fearest thou thy perishing? Thou art My light and My light shall never be extinguished; why dost thou dread extinction? Thou art My glory and My glory fadeth not; thou art My robe and My robe shall never be outworn. Abide then in thy love for Me, that thou mayest find Me in the realm of glory.",HW14,hidden-words-arabic
34,"O Son of Utterance!
Turn thy face unto Mine and renounce all save Me; for My sovereignty endureth and My dominion perisheth not","O Son of Utterance!
Turn thy face unto Mine and renounce all save Me; for My sovereignty endureth and My dominion perisheth not. If thou seekest another than Me, yea, if thou searchest the universe forevermore, thy quest will be in vain.",HW15,hidden-words-arabic
35," If thou seekest another than Me, yea, if thou searchest the universe forevermore, thy quest will be in vain","O Son of Utterance!
Turn thy face unto Mine and renounce all save Me; for My sovereignty endureth and My dominion perisheth not. If thou seekest another than Me, yea, if thou searchest the universe forevermore, thy quest will be in vain.",HW15,hidden-words-arabic
36,"O Son of Light!
Forget all save Me and commune with My spirit","O Son of Light!
Forget all save Me and commune with My spirit. This is of the essence of My command, therefore turn unto it.",HW16,hidden-words-arabic
37," This is of the essence of My command, therefore turn unto it","O Son of Light!
Forget all save Me and commune with My spirit. This is of the essence of My command, therefore turn unto it.",HW16,hidden-words-arabic
38,"O Son of Man!
Be thou content with Me and seek no other helper","O Son of Man!
Be thou content with Me and seek no other helper. For none but Me can ever suffice thee.",HW17,hidden-words-arabic
39, For none but Me can ever suffice thee,"O Son of Man!
Be thou content with Me and seek no other helper. For none but Me can ever suffice thee.",HW17,hidden-words-arabic
40,"O Son of Spirit!
Ask not of Me that which We desire not for thee, then be content with what We have ordained for thy sake, for this is that which profiteth thee, if therewith thou dost content thyself","O Son of Spirit!
Ask not of Me that which We desire not for thee, then be content with what We have ordained for thy sake, for this is that which profiteth thee, if therewith thou dost content thyself.",HW18,hidden-words-arabic
41,"O Son of the Wondrous Vision!
I have breathed within thee a breath of My own Spirit, that thou mayest be My lover","O Son of the Wondrous Vision!
I have breathed within thee a breath of My own Spirit, that thou mayest be My lover. Why hast thou forsaken Me and sought a beloved other than Me?",HW19,hidden-words-arabic
42, Why hast thou forsaken Me and sought a beloved other than Me?,"O Son of the Wondrous Vision!
I have breathed within thee a breath of My own Spirit, that thou mayest be My lover. Why hast thou forsaken Me and sought a beloved other than Me?",HW19,hidden-words-arabic
43,"O Son of Spirit!
My claim on thee is great, it cannot be forgotten","O Son of Spirit!
My claim on thee is great, it cannot be forgotten. My grace to thee is plenteous, it cannot be veiled. My love has made in thee its home, it cannot be concealed. My light is manifest to thee, it cannot be obscured.",HW20,hidden-words-arabic
44," My grace to thee is plenteous, it cannot be veiled","O Son of Spirit!
My claim on thee is great, it cannot be forgotten. My grace to thee is plenteous, it cannot be veiled. My love has made in thee its home, it cannot be concealed. My light is manifest to thee, it cannot be obscured.",HW20,hidden-words-arabic
45," My love has made in thee its home, it cannot be concealed","O Son of Spirit!
My claim on thee is great, it cannot be forgotten. My grace to thee is plenteous, it cannot be veiled. My love has made in thee its home, it cannot be concealed. My light is manifest to thee, it cannot be obscured.",HW20,hidden-words-arabic
46," My light is manifest to thee, it cannot be obscured","O Son of Spirit!
My claim on thee is great, it cannot be forgotten. My grace to thee is plenteous, it cannot be veiled. My love has made in thee its home, it cannot be concealed. My light is manifest to thee, it cannot be obscured.",HW20,hidden-words-arabic
47,"O Son of Man!
Upon the tree of effulgent glory I have hung for thee the choicest fruits, wherefore hast thou turned away and contented thyself with that which is less good? Return then unto that which is better for thee in the realm on high","O Son of Man!
Upon the tree of effulgent glory I have hung for thee the choicest fruits, wherefore hast thou turned away and contented thyself with that which is less good? Return then unto that which is better for thee in the realm on high.",HW21,hidden-words-arabic
48,"O Son of Spirit!
Noble have I created thee, yet thou hast abased thyself","O Son of Spirit!
Noble have I created thee, yet thou hast abased thyself. Rise then unto that for which thou wast created.",HW22,hidden-words-arabic
49, Rise then unto that for which thou wast created,"O Son of Spirit!
Noble have I created thee, yet thou hast abased thyself. Rise then unto that for which thou wast created.",HW22,hidden-words-arabic
50,"O Son of the Supreme!
To the eternal I call thee, yet thou dost seek that which perisheth","O Son of the Supreme!
To the eternal I call thee, yet thou dost seek that which perisheth. What hath made thee turn away from Our desire and seek thine own?",HW23,hidden-words-arabic
51, What hath made thee turn away from Our desire and seek thine own?,"O Son of the Supreme!
To the eternal I call thee, yet thou dost seek that which perisheth. What hath made thee turn away from Our desire and seek thine own?",HW23,hidden-words-arabic
52,"O Son of Man!
Transgress not thy limits, nor claim that which beseemeth thee not","O Son of Man!
Transgress not thy limits, nor claim that which beseemeth thee not. Prostrate thyself before the countenance of thy God, the Lord of might and power.",HW24,hidden-words-arabic
53," Prostrate thyself before the countenance of thy God, the Lord of might and power","O Son of Man!
Transgress not thy limits, nor claim that which beseemeth thee not. Prostrate thyself before the countenance of thy God, the Lord of might and power.",HW24,hidden-words-arabic
54,"O Son of Spirit!
Vaunt not thyself over the poor, for I lead him on his way and behold thee in thy evil plight and confound thee forevermore","O Son of Spirit!
Vaunt not thyself over the poor, for I lead him on his way and behold thee in thy evil plight and confound thee forevermore.",HW25,hidden-words-arabic
55,"O Son of Being!
How couldst thou forget thine own faults and busy thyself with the faults of others? Whoso doeth this is accursed of Me","O Son of Being!
How couldst thou forget thine own faults and busy thyself with the faults of others? Whoso doeth this is accursed of Me.",HW26,hidden-words-arabic
56,"O Son of Man!
Breathe not the sins of others so long as thou art thyself a sinner","O Son of Man!
Breathe not the sins of others so long as thou art thyself a sinner. Shouldst thou transgress this command, accursed wouldst thou be, and to this I bear witness.",HW27,hidden-words-arabic
57," Shouldst thou transgress this command, accursed wouldst thou be, and to this I bear witness","O Son of Man!
Breathe not the sins of others so long as thou art thyself a sinner. Shouldst thou transgress this command, accursed wouldst thou be, and to this I bear witness.",HW27,hidden-words-arabic
58,"O Son of Spirit!
Know thou of a truth: He that biddeth men be just and himself committeth iniquity is not of Me, even though he bear My name","O Son of Spirit!
Know thou of a truth: He that biddeth men be just and himself committeth iniquity is not of Me, even though he bear My name.",HW28,hidden-words-arabic
59,"O Son of Being!
Ascribe not to any soul that which thou wouldst not have ascribed to thee, and say not that which thou doest not","O Son of Being!
Ascribe not to any soul that which thou wouldst not have ascribed to thee, and say not that which thou doest not. This is My command unto thee, do thou observe it.",HW29,hidden-words-arabic
60," This is My command unto thee, do thou observe it","O Son of Being!
Ascribe not to any soul that which thou wouldst not have ascribed to thee, and say not that which thou doest not. This is My command unto thee, do thou observe it.",HW29,hidden-words-arabic
61,"O Son of Man!
Deny not My servant should he ask anything from thee, for his face is My face; be then abashed before Me","O Son of Man!
Deny not My servant should he ask anything from thee, for his face is My face; be then abashed before Me.",HW30,hidden-words-arabic
62,"O Son of Being!
Bring thyself to account each day ere thou art summoned to a reckoning; for death, unheralded, shall come upon thee and thou shalt be called to give account for thy deeds","O Son of Being!
Bring thyself to account each day ere thou art summoned to a reckoning; for death, unheralded, shall come upon thee and thou shalt be called to give account for thy deeds.",HW31,hidden-words-arabic
63,"O Son of the Supreme!
I have made death a messenger of joy to thee","O Son of the Supreme!
I have made death a messenger of joy to thee. Wherefore dost thou grieve? I made the light to shed on thee its splendor. Why dost thou veil thyself therefrom?",HW32,hidden-words-arabic
64, Wherefore dost thou grieve? I made the light to shed on thee its splendor,"O Son of the Supreme!
I have made death a messenger of joy to thee. Wherefore dost thou grieve? I made the light to shed on thee its splendor. Why dost thou veil thyself therefrom?",HW32,hidden-words-arabic
65, Why dost thou veil thyself therefrom?,"O Son of the Supreme!
I have made death a messenger of joy to thee. Wherefore dost thou grieve? I made the light to shed on thee its splendor. Why dost thou veil thyself therefrom?",HW32,hidden-words-arabic
66,"O Son of Spirit!
With the joyful tidings of light I hail thee: rejoice! To the court of holiness I summon thee; abide therein that thou mayest live in peace forevermore","O Son of Spirit!
With the joyful tidings of light I hail thee: rejoice! To the court of holiness I summon thee; abide therein that thou mayest live in peace forevermore.",HW33,hidden-words-arabic
67,"O Son of Spirit!
The spirit of holiness beareth unto thee the joyful tidings of reunion; wherefore dost thou grieve? The spirit of power confirmeth thee in His cause; why dost thou veil thyself? The light of His countenance doth lead thee; how canst thou go astray?","O Son of Spirit!
The spirit of holiness beareth unto thee the joyful tidings of reunion; wherefore dost thou grieve? The spirit of power confirmeth thee in His cause; why dost thou veil thyself? The light of His countenance doth lead thee; how canst thou go astray?",HW34,hidden-words-arabic
68,"O Son of Man!
Sorrow not save that thou art far from Us","O Son of Man!
Sorrow not save that thou art far from Us. Rejoice not save that thou art drawing near and returning unto Us.",HW35,hidden-words-arabic
69, Rejoice not save that thou art drawing near and returning unto Us,"O Son of Man!
Sorrow not save that thou art far from Us. Rejoice not save that thou art drawing near and returning unto Us.",HW35,hidden-words-arabic
70,"O Son of Man!
Rejoice in the gladness of thine heart, that thou mayest be worthy to meet Me and to mirror forth My beauty","O Son of Man!
Rejoice in the gladness of thine heart, that thou mayest be worthy to meet Me and to mirror forth My beauty.",HW36,hidden-words-arabic
71,"O Son of Man!
Divest not thyself of My beauteous robe, and forfeit not thy portion from My wondrous fountain, lest thou shouldst thirst forevermore","O Son of Man!
Divest not thyself of My beauteous robe, and forfeit not thy portion from My wondrous fountain, lest thou shouldst thirst forevermore.",HW37,hidden-words-arabic
72,"O Son of Being!
Walk in My statutes for love of Me and deny thyself that which thou desirest if thou seekest My pleasure","O Son of Being!
Walk in My statutes for love of Me and deny thyself that which thou desirest if thou seekest My pleasure.",HW38,hidden-words-arabic
73,"O Son of Man!
Neglect not My commandments if thou lovest My beauty, and forget not My counsels if thou wouldst attain My good pleasure","O Son of Man!
Neglect not My commandments if thou lovest My beauty, and forget not My counsels if thou wouldst attain My good pleasure.",HW39,hidden-words-arabic
74,"O Son of Man!
Wert thou to speed through the immensity of space and traverse the expanse of heaven, yet thou wouldst find no rest save in submission to Our command and humbleness before Our Face","O Son of Man!
Wert thou to speed through the immensity of space and traverse the expanse of heaven, yet thou wouldst find no rest save in submission to Our command and humbleness before Our Face.",HW40,hidden-words-arabic
75,"O Son of Man!
Magnify My cause that I may reveal unto thee the mysteries of My greatness and shine upon thee with the light of eternity","O Son of Man!
Magnify My cause that I may reveal unto thee the mysteries of My greatness and shine upon thee with the light of eternity.",HW41,hidden-words-arabic
76,"O Son of Man!
Humble thyself before Me, that I may graciously visit thee","O Son of Man!
Humble thyself before Me, that I may graciously visit thee. Arise for the triumph of My cause, that while yet on earth thou mayest obtain the victory.",HW42,hidden-words-arabic
77," Arise for the triumph of My cause, that while yet on earth thou mayest obtain the victory","O Son of Man!
Humble thyself before Me, that I may graciously visit thee. Arise for the triumph of My cause, that while yet on earth thou mayest obtain the victory.",HW42,hidden-words-arabic
78,"O Son of Being!
Make mention of Me on My earth, that in My heaven I may remember thee, thus shall Mine eyes and thine be solaced","O Son of Being!
Make mention of Me on My earth, that in My heaven I may remember thee, thus shall Mine eyes and thine be solaced.",HW43,hidden-words-arabic
79,"O Son of the Throne!
Thy hearing is My hearing, hear thou therewith","O Son of the Throne!
Thy hearing is My hearing, hear thou therewith. Thy sight is My sight, do thou see therewith, that in thine inmost soul thou mayest testify unto My exalted sanctity, and I within Myself may bear witness unto an exalted station for thee.",HW44,hidden-words-arabic
80," Thy sight is My sight, do thou see therewith, that in thine inmost soul thou mayest testify unto My exalted sanctity, and I within Myself may bear witness unto an exalted station for thee","O Son of the Throne!
Thy hearing is My hearing, hear thou therewith. Thy sight is My sight, do thou see therewith, that in thine inmost soul thou mayest testify unto My exalted sanctity, and I within Myself may bear witness unto an exalted station for thee.",HW44,hidden-words-arabic
81,"O Son of Being!
Seek a martyr’s death in My path, content with My pleasure and thankful for that which I ordain, that thou mayest repose with Me beneath the canopy of majesty behind the tabernacle of glory","O Son of Being!
Seek a martyr’s death in My path, content with My pleasure and thankful for that which I ordain, that thou mayest repose with Me beneath the canopy of majesty behind the tabernacle of glory.",HW45,hidden-words-arabic
82,"O Son of Man!
Ponder and reflect","O Son of Man!
Ponder and reflect. Is it thy wish to die upon thy bed, or to shed thy lifeblood on the dust, a martyr in My path, and so become the manifestation of My command and the revealer of My light in the highest paradise? Judge thou aright, O servant!",HW46,hidden-words-arabic
83," Is it thy wish to die upon thy bed, or to shed thy lifeblood on the dust, a martyr in My path, and so become the manifestation of My command and the revealer of My light in the highest paradise? Judge thou aright, O servant!","O Son of Man!
Ponder and reflect. Is it thy wish to die upon thy bed, or to shed thy lifeblood on the dust, a martyr in My path, and so become the manifestation of My command and the revealer of My light in the highest paradise? Judge thou aright, O servant!",HW46,hidden-words-arabic
84,"O Son of Man!
By My beauty! To tinge thy hair with thy blood is greater in My sight than the creation of the universe and the light of both worlds","O Son of Man!
By My beauty! To tinge thy hair with thy blood is greater in My sight than the creation of the universe and the light of both worlds. Strive then to attain this, O servant!",HW47,hidden-words-arabic
85," Strive then to attain this, O servant!","O Son of Man!
By My beauty! To tinge thy hair with thy blood is greater in My sight than the creation of the universe and the light of both worlds. Strive then to attain this, O servant!",HW47,hidden-words-arabic
86,"O Son of Man!
For everything there is a sign","O Son of Man!
For everything there is a sign. The sign of love is fortitude under My decree and patience under My trials.",HW48,hidden-words-arabic
87, The sign of love is fortitude under My decree and patience under My trials,"O Son of Man!
For everything there is a sign. The sign of love is fortitude under My decree and patience under My trials.",HW48,hidden-words-arabic
88,"O Son of Man!
The true lover yearneth for tribulation even as doth the rebel for forgiveness and the sinful for mercy","O Son of Man!
The true lover yearneth for tribulation even as doth the rebel for forgiveness and the sinful for mercy.",HW49,hidden-words-arabic
89,"O Son of Man!
If adversity befall thee not in My path, how canst thou walk in the ways of them that are content with My pleasure? If trials afflict thee not in thy longing to meet Me, how wilt thou attain the light in thy love for My beauty?","O Son of Man!
If adversity befall thee not in My path, how canst thou walk in the ways of them that are content with My pleasure? If trials afflict thee not in thy longing to meet Me, how wilt thou attain the light in thy love for My beauty?",HW50,hidden-words-arabic
90,"O Son of Man!
My calamity is My providence, outwardly it is fire and vengeance, but inwardly it is light and mercy","O Son of Man!
My calamity is My providence, outwardly it is fire and vengeance, but inwardly it is light and mercy. Hasten thereunto that thou mayest become an eternal light and an immortal spirit. This is My command unto thee, do thou observe it.",HW51,hidden-words-arabic
91, Hasten thereunto that thou mayest become an eternal light and an immortal spirit,"O Son of Man!
My calamity is My providence, outwardly it is fire and vengeance, but inwardly it is light and mercy. Hasten thereunto that thou mayest become an eternal light and an immortal spirit. This is My command unto thee, do thou observe it.",HW51,hidden-words-arabic
92," This is My command unto thee, do thou observe it","O Son of Man!
My calamity is My providence, outwardly it is fire and vengeance, but inwardly it is light and mercy. Hasten thereunto that thou mayest become an eternal light and an immortal spirit. This is My command unto thee, do thou observe it.",HW51,hidden-words-arabic
93,"O Son of Man!
Should prosperity befall thee, rejoice not, and should abasement come upon thee, grieve not, for both shall pass away and be no more","O Son of Man!
Should prosperity befall thee, rejoice not, and should abasement come upon thee, grieve not, for both shall pass away and be no more.",HW52,hidden-words-arabic
94,"O Son of Being!
If poverty overtake thee, be not sad; for in time the Lord of wealth shall visit thee","O Son of Being!
If poverty overtake thee, be not sad; for in time the Lord of wealth shall visit thee. Fear not abasement, for glory shall one day rest on thee.",HW53,hidden-words-arabic
95," Fear not abasement, for glory shall one day rest on thee","O Son of Being!
If poverty overtake thee, be not sad; for in time the Lord of wealth shall visit thee. Fear not abasement, for glory shall one day rest on thee.",HW53,hidden-words-arabic
96,"O Son of Being!
If thine heart be set upon this eternal, imperishable dominion, and this ancient, everlasting life, forsake this mortal and fleeting sovereignty","O Son of Being!
If thine heart be set upon this eternal, imperishable dominion, and this ancient, everlasting life, forsake this mortal and fleeting sovereignty.",HW54,hidden-words-arabic
97,"O Son of Being!
Busy not thyself with this world, for with fire We test the gold, and with gold We test Our servants","O Son of Being!
Busy not thyself with this world, for with fire We test the gold, and with gold We test Our servants.",HW55,hidden-words-arabic
98,"O Son of Man!
Thou dost wish for gold and I desire thy freedom from it","O Son of Man!
Thou dost wish for gold and I desire thy freedom from it. Thou thinkest thyself rich in its possession, and I recognize thy wealth in thy sanctity therefrom. By My life! This is My knowledge, and that is thy fancy; how can My way accord with thine?",HW56,hidden-words-arabic
99," Thou thinkest thyself rich in its possession, and I recognize thy wealth in thy sanctity therefrom","O Son of Man!
Thou dost wish for gold and I desire thy freedom from it. Thou thinkest thyself rich in its possession, and I recognize thy wealth in thy sanctity therefrom. By My life! This is My knowledge, and that is thy fancy; how can My way accord with thine?",HW56,hidden-words-arabic
100," By My life! This is My knowledge, and that is thy fancy; how can My way accord with thine?","O Son of Man!
Thou dost wish for gold and I desire thy freedom from it. Thou thinkest thyself rich in its possession, and I recognize thy wealth in thy sanctity therefrom. By My life! This is My knowledge, and that is thy fancy; how can My way accord with thine?",HW56,hidden-words-arabic
101,"O Son of Man!
Bestow My wealth upon My poor, that in heaven thou mayest draw from stores of unfading splendor and treasures of imperishable glory","O Son of Man!
Bestow My wealth upon My poor, that in heaven thou mayest draw from stores of unfading splendor and treasures of imperishable glory. But by My life! To offer up thy soul is a more glorious thing couldst thou but see with Mine eye.",HW57,hidden-words-arabic
102, But by My life! To offer up thy soul is a more glorious thing couldst thou but see with Mine eye,"O Son of Man!
Bestow My wealth upon My poor, that in heaven thou mayest draw from stores of unfading splendor and treasures of imperishable glory. But by My life! To offer up thy soul is a more glorious thing couldst thou but see with Mine eye.",HW57,hidden-words-arabic
103,"O Son of Man!
The temple of being is My throne; cleanse it of all things, that there I may be established and there I may abide","O Son of Man!
The temple of being is My throne; cleanse it of all things, that there I may be established and there I may abide.",HW58,hidden-words-arabic
104,"O Son of Being!
Thy heart is My home; sanctify it for My descent","O Son of Being!
Thy heart is My home; sanctify it for My descent. Thy spirit is My place of revelation; cleanse it for My manifestation.",HW59,hidden-words-arabic
105, Thy spirit is My place of revelation; cleanse it for My manifestation,"O Son of Being!
Thy heart is My home; sanctify it for My descent. Thy spirit is My place of revelation; cleanse it for My manifestation.",HW59,hidden-words-arabic
106,"O Son of Man!
Put thy hand into My bosom, that I may rise above thee, radiant and resplendent","O Son of Man!
Put thy hand into My bosom, that I may rise above thee, radiant and resplendent.",HW60,hidden-words-arabic
107,"O Son of Man!
Ascend unto My heaven, that thou mayest obtain the joy of reunion, and from the chalice of imperishable glory quaff the peerless wine","O Son of Man!
Ascend unto My heaven, that thou mayest obtain the joy of reunion, and from the chalice of imperishable glory quaff the peerless wine.",HW61,hidden-words-arabic
108,"O Son of Man!
Many a day hath passed over thee whilst thou hast busied thyself with thy fancies and idle imaginings","O Son of Man!
Many a day hath passed over thee whilst thou hast busied thyself with thy fancies and idle imaginings. How long art thou to slumber on thy bed? Lift up thy head from slumber, for the Sun hath risen to the zenith, haply it may shine upon thee with the light of beauty.",HW62,hidden-words-arabic
109," How long art thou to slumber on thy bed? Lift up thy head from slumber, for the Sun hath risen to the zenith, haply it may shine upon thee with the light of beauty","O Son of Man!
Many a day hath passed over thee whilst thou hast busied thyself with thy fancies and idle imaginings. How long art thou to slumber on thy bed? Lift up thy head from slumber, for the Sun hath risen to the zenith, haply it may shine upon thee with the light of beauty.",HW62,hidden-words-arabic
110,"O Son of Man!
The light hath shone on thee from the horizon of the sacred Mount and the spirit of enlightenment hath breathed in the Sinai of thy heart","O Son of Man!
The light hath shone on thee from the horizon of the sacred Mount and the spirit of enlightenment hath breathed in the Sinai of thy heart. Wherefore, free thyself from the veils of idle fancies and enter into My court, that thou mayest be fit for everlasting life and worthy to meet Me. Thus may death not come upon thee, neither weariness nor trouble.",HW63,hidden-words-arabic
111," Wherefore, free thyself from the veils of idle fancies and enter into My court, that thou mayest be fit for everlasting life and worthy to meet Me","O Son of Man!
The light hath shone on thee from the horizon of the sacred Mount and the spirit of enlightenment hath breathed in the Sinai of thy heart. Wherefore, free thyself from the veils of idle fancies and enter into My court, that thou mayest be fit for everlasting life and worthy to meet Me. Thus may death not come upon thee, neither weariness nor trouble.",HW63,hidden-words-arabic
112," Thus may death not come upon thee, neither weariness nor trouble","O Son of Man!
The light hath shone on thee from the horizon of the sacred Mount and the spirit of enlightenment hath breathed in the Sinai of thy heart. Wherefore, free thyself from the veils of idle fancies and enter into My court, that thou mayest be fit for everlasting life and worthy to meet Me. Thus may death not come upon thee, neither weariness nor trouble.",HW63,hidden-words-arabic
113,"O Son of Man!
My eternity is My creation, I have created it for thee","O Son of Man!
My eternity is My creation, I have created it for thee. Make it the garment of thy temple. My unity is My handiwork; I have wrought it for thee; clothe thyself therewith, that thou mayest be to all eternity the revelation of My everlasting being.",HW64,hidden-words-arabic
114, Make it the garment of thy temple,"O Son of Man!
My eternity is My creation, I have created it for thee. Make it the garment of thy temple. My unity is My handiwork; I have wrought it for thee; clothe thyself therewith, that thou mayest be to all eternity the revelation of My everlasting being.",HW64,hidden-words-arabic
115," My unity is My handiwork; I have wrought it for thee; clothe thyself therewith, that thou mayest be to all eternity the revelation of My everlasting being","O Son of Man!
My eternity is My creation, I have created it for thee. Make it the garment of thy temple. My unity is My handiwork; I have wrought it for thee; clothe thyself therewith, that thou mayest be to all eternity the revelation of My everlasting being.",HW64,hidden-words-arabic
116,"O Son of Man!
My majesty is My gift to thee, and My grandeur the token of My mercy unto thee","O Son of Man!
My majesty is My gift to thee, and My grandeur the token of My mercy unto thee. That which beseemeth Me none shall understand, nor can anyone recount. Verily, I have preserved it in My hidden storehouses and in the treasuries of My command, as a sign of My loving-kindness unto My servants and My mercy unto My people.",HW65,hidden-words-arabic
117," That which beseemeth Me none shall understand, nor can anyone recount","O Son of Man!
My majesty is My gift to thee, and My grandeur the token of My mercy unto thee. That which beseemeth Me none shall understand, nor can anyone recount. Verily, I have preserved it in My hidden storehouses and in the treasuries of My command, as a sign of My loving-kindness unto My servants and My mercy unto My people.",HW65,hidden-words-arabic
118," Verily, I have preserved it in My hidden storehouses and in the treasuries of My command, as a sign of My loving-kindness unto My servants and My mercy unto My people","O Son of Man!
My majesty is My gift to thee, and My grandeur the token of My mercy unto thee. That which beseemeth Me none shall understand, nor can anyone recount. Verily, I have preserved it in My hidden storehouses and in the treasuries of My command, as a sign of My loving-kindness unto My servants and My mercy unto My people.",HW65,hidden-words-arabic
119,"O Children of the Divine and Invisible Essence!
Ye shall be hindered from loving Me and souls shall be perturbed as they make mention of Me","O Children of the Divine and Invisible Essence!
Ye shall be hindered from loving Me and souls shall be perturbed as they make mention of Me. For minds cannot grasp Me nor hearts contain Me.",HW66,hidden-words-arabic
120, For minds cannot grasp Me nor hearts contain Me,"O Children of the Divine and Invisible Essence!
Ye shall be hindered from loving Me and souls shall be perturbed as they make mention of Me. For minds cannot grasp Me nor hearts contain Me.",HW66,hidden-words-arabic
121,"O Son of Beauty!
By My spirit and by My favor! By My mercy and by My beauty! All that I have revealed unto thee with the tongue of power, and have written for thee with the pen of might, hath been in accordance with thy capacity and understanding, not with My state and the melody of My voice","O Son of Beauty!
By My spirit and by My favor! By My mercy and by My beauty! All that I have revealed unto thee with the tongue of power, and have written for thee with the pen of might, hath been in accordance with thy capacity and understanding, not with My state and the melody of My voice.",HW67,hidden-words-arabic
122,"O Children of Men!
Know ye not why We created you all from the same dust? That no one should exalt himself over the other","O Children of Men!
Know ye not why We created you all from the same dust? That no one should exalt himself over the other. Ponder at all times in your hearts how ye were created. Since We have created you all from one same substance it is incumbent on you to be even as one soul, to walk with the same feet, eat with the same mouth and dwell in the same land, that from your inmost being, by your deeds and actions, the signs of oneness and the essence of detachment may be made manifest. Such is My counsel to you, O concourse of light! Heed ye this counsel that ye may obtain the fruit of holiness from the tree of wondrous glory.",HW68,hidden-words-arabic
123, Ponder at all times in your hearts how ye were created,"O Children of Men!
Know ye not why We created you all from the same dust? That no one should exalt himself over the other. Ponder at all times in your hearts how ye were created. Since We have created you all from one same substance it is incumbent on you to be even as one soul, to walk with the same feet, eat with the same mouth and dwell in the same land, that from your inmost being, by your deeds and actions, the signs of oneness and the essence of detachment may be made manifest. Such is My counsel to you, O concourse of light! Heed ye this counsel that ye may obtain the fruit of holiness from the tree of wondrous glory.",HW68,hidden-words-arabic
124," Since We have created you all from one same substance it is incumbent on you to be even as one soul, to walk with the same feet, eat with the same mouth and dwell in the same land, that from your inmost being, by your deeds and actions, the signs of oneness and the essence of detachment may be made manifest","O Children of Men!
Know ye not why We created you all from the same dust? That no one should exalt himself over the other. Ponder at all times in your hearts how ye were created. Since We have created you all from one same substance it is incumbent on you to be even as one soul, to walk with the same feet, eat with the same mouth and dwell in the same land, that from your inmost being, by your deeds and actions, the signs of oneness and the essence of detachment may be made manifest. Such is My counsel to you, O concourse of light! Heed ye this counsel that ye may obtain the fruit of holiness from the tree of wondrous glory.",HW68,hidden-words-arabic
125," Such is My counsel to you, O concourse of light! Heed ye this counsel that ye may obtain the fruit of holiness from the tree of wondrous glory","O Children of Men!
Know ye not why We created you all from the same dust? That no one should exalt himself over the other. Ponder at all times in your hearts how ye were created. Since We have created you all from one same substance it is incumbent on you to be even as one soul, to walk with the same feet, eat with the same mouth and dwell in the same land, that from your inmost being, by your deeds and actions, the signs of oneness and the essence of detachment may be made manifest. Such is My counsel to you, O concourse of light! Heed ye this counsel that ye may obtain the fruit of holiness from the tree of wondrous glory.",HW68,hidden-words-arabic
126,"O Ye Sons of Spirit!
Ye are My treasury, for in you I have treasured the pearls of My mysteries and the gems of My knowledge","O Ye Sons of Spirit!
Ye are My treasury, for in you I have treasured the pearls of My mysteries and the gems of My knowledge. Guard them from the strangers amidst My servants and from the ungodly amongst My people.",HW69,hidden-words-arabic
127, Guard them from the strangers amidst My servants and from the ungodly amongst My people,"O Ye Sons of Spirit!
Ye are My treasury, for in you I have treasured the pearls of My mysteries and the gems of My knowledge. Guard them from the strangers amidst My servants and from the ungodly amongst My people.",HW69,hidden-words-arabic
128,"O Son of Him that Stood by His Own Entity in the Kingdom of His Self!
Know thou, that I have wafted unto thee all the fragrances of holiness, have fully revealed to thee My word, have perfected through thee My bounty and have desired for thee that which I have desired for My Self","O Son of Him that Stood by His Own Entity in the Kingdom of His Self!
Know thou, that I have wafted unto thee all the fragrances of holiness, have fully revealed to thee My word, have perfected through thee My bounty and have desired for thee that which I have desired for My Self. Be then content with My pleasure and thankful unto Me.",HW70,hidden-words-arabic
129, Be then content with My pleasure and thankful unto Me,"O Son of Him that Stood by His Own Entity in the Kingdom of His Self!
Know thou, that I have wafted unto thee all the fragrances of holiness, have fully revealed to thee My word, have perfected through thee My bounty and have desired for thee that which I have desired for My Self. Be then content with My pleasure and thankful unto Me.",HW70,hidden-words-arabic
130,"O Son of Man!
Write all that We have revealed unto thee with the ink of light upon the tablet of thy spirit","O Son of Man!
Write all that We have revealed unto thee with the ink of light upon the tablet of thy spirit. Should this not be in thy power, then make thine ink of the essence of thy heart. If this thou canst not do, then write with that crimson ink that hath been shed in My path. Sweeter indeed is this to Me than all else, that its light may endure forever.",HW71,hidden-words-arabic
131," Should this not be in thy power, then make thine ink of the essence of thy heart","O Son of Man!
Write all that We have revealed unto thee with the ink of light upon the tablet of thy spirit. Should this not be in thy power, then make thine ink of the essence of thy heart. If this thou canst not do, then write with that crimson ink that hath been shed in My path. Sweeter indeed is this to Me than all else, that its light may endure forever.",HW71,hidden-words-arabic
132," If this thou canst not do, then write with that crimson ink that hath been shed in My path","O Son of Man!
Write all that We have revealed unto thee with the ink of light upon the tablet of thy spirit. Should this not be in thy power, then make thine ink of the essence of thy heart. If this thou canst not do, then write with that crimson ink that hath been shed in My path. Sweeter indeed is this to Me than all else, that its light may endure forever.",HW71,hidden-words-arabic
133," Sweeter indeed is this to Me than all else, that its light may endure forever","O Son of Man!
Write all that We have revealed unto thee with the ink of light upon the tablet of thy spirit. Should this not be in thy power, then make thine ink of the essence of thy heart. If this thou canst not do, then write with that crimson ink that hath been shed in My path. Sweeter indeed is this to Me than all else, that its light may endure forever.",HW71,hidden-words-arabic
